{"initial_reset_timestamp": 1751122300.9722478, "timestamps": [1751122301.4472055], "episode_lengths": [100], "episode_rewards": [-9.999999999999968], "episode_types": ["t"]}